faixa_preco,total_transacoes,total_vendas,ticket_medio
Médio (R$5-R$15),504,56527.92,112.15857142857142
Alto (acima de R$15),293,55310.68,188.77365187713312
Baixo (até R$5),203,6745.3,33.228078817733994
