gender,total_transacoes,total_vendas,ticket_medio,total_quantidade
Female,472,54265.45,114.96917372881356,4943
Male,528,64318.45,121.81524621212121,5394
