product_category,ticket_medio,ticket_minimo,ticket_maximo,total_transacoes
Personal Care,130.0489423076923,4.56,402.92,208
Fruits,125.34665071770335,2.89,427.14,209
Beverages,122.90545454545455,3.18,418.39,187
Household,109.17090909090909,1.44,433.99,198
Stationery,104.73287878787879,1.21,425.1,198
