product_category,total_vendas,total_transacoes,preco_medio
Personal Care,27050.18,208,11.246923076923078
Fruits,26197.45,209,10.845263157894736
Beverages,22983.32,187,11.113155080213902
Household,21615.84,198,10.930707070707072
Stationery,20737.11,198,10.038636363636364
