branch,total_vendas,total_transacoes,ticket_medio
A,82811.64,674,122.86593471810089
B,35772.26,326,109.73085889570552
